"Notes","Year","Year Code","Ten-Year Age Groups","Ten-Year Age Groups Code","Place of Death","Place of Death Code",Deaths,Population,Crude Rate
,"2018","2018","< 1 year","1","Medical Facility - Inpatient","1",16444,Not Applicable,Not Applicable
,"2018","2018","< 1 year","1","Medical Facility - Outpatient or ER","2",2887,Not Applicable,Not Applicable
,"2018","2018","< 1 year","1","Medical Facility - Dead on Arrival","3",180,Not Applicable,Not Applicable
,"2018","2018","< 1 year","1","Decedent's home","4",1553,Not Applicable,Not Applicable
,"2018","2018","< 1 year","1","Hospice facility","5",53,Not Applicable,Not Applicable
,"2018","2018","< 1 year","1","Other","7",336,Not Applicable,Not Applicable
,"2018","2018","1-4 years","1-4","Medical Facility - Inpatient","1",1558,Not Applicable,Not Applicable
,"2018","2018","1-4 years","1-4","Medical Facility - Outpatient or ER","2",1168,Not Applicable,Not Applicable
,"2018","2018","1-4 years","1-4","Medical Facility - Dead on Arrival","3",59,Not Applicable,Not Applicable
,"2018","2018","1-4 years","1-4","Decedent's home","4",708,Not Applicable,Not Applicable
,"2018","2018","1-4 years","1-4","Hospice facility","5",28,Not Applicable,Not Applicable
,"2018","2018","1-4 years","1-4","Nursing home/long term care","6",13,Not Applicable,Not Applicable
,"2018","2018","1-4 years","1-4","Other","7",292,Not Applicable,Not Applicable
,"2018","2018","5-14 years","5-14","Medical Facility - Inpatient","1",2020,Not Applicable,Not Applicable
,"2018","2018","5-14 years","5-14","Medical Facility - Outpatient or ER","2",1188,Not Applicable,Not Applicable
,"2018","2018","5-14 years","5-14","Medical Facility - Dead on Arrival","3",66,Not Applicable,Not Applicable
,"2018","2018","5-14 years","5-14","Decedent's home","4",1399,Not Applicable,Not Applicable
,"2018","2018","5-14 years","5-14","Hospice facility","5",75,Not Applicable,Not Applicable
,"2018","2018","5-14 years","5-14","Nursing home/long term care","6",14,Not Applicable,Not Applicable
,"2018","2018","5-14 years","5-14","Other","7",686,Not Applicable,Not Applicable
,"2018","2018","15-24 years","15-24","Medical Facility - Inpatient","1",6191,Not Applicable,Not Applicable
,"2018","2018","15-24 years","15-24","Medical Facility - Outpatient or ER","2",5287,Not Applicable,Not Applicable
,"2018","2018","15-24 years","15-24","Medical Facility - Dead on Arrival","3",463,Not Applicable,Not Applicable
,"2018","2018","15-24 years","15-24","Decedent's home","4",7471,Not Applicable,Not Applicable
,"2018","2018","15-24 years","15-24","Hospice facility","5",258,Not Applicable,Not Applicable
,"2018","2018","15-24 years","15-24","Nursing home/long term care","6",87,Not Applicable,Not Applicable
,"2018","2018","15-24 years","15-24","Other","7",10382,Not Applicable,Not Applicable
,"2018","2018","15-24 years","15-24","Place of death unknown","9",15,Not Applicable,Not Applicable
,"2018","2018","25-34 years","25-34","Medical Facility - Inpatient","1",13255,Not Applicable,Not Applicable
,"2018","2018","25-34 years","25-34","Medical Facility - Outpatient or ER","2",8886,Not Applicable,Not Applicable
,"2018","2018","25-34 years","25-34","Medical Facility - Dead on Arrival","3",830,Not Applicable,Not Applicable
,"2018","2018","25-34 years","25-34","Decedent's home","4",18536,Not Applicable,Not Applicable
,"2018","2018","25-34 years","25-34","Hospice facility","5",1051,Not Applicable,Not Applicable
,"2018","2018","25-34 years","25-34","Nursing home/long term care","6",484,Not Applicable,Not Applicable
,"2018","2018","25-34 years","25-34","Other","7",15773,Not Applicable,Not Applicable
,"2018","2018","25-34 years","25-34","Place of death unknown","9",29,Not Applicable,Not Applicable
,"2018","2018","35-44 years","35-44","Medical Facility - Inpatient","1",23132,Not Applicable,Not Applicable
,"2018","2018","35-44 years","35-44","Medical Facility - Outpatient or ER","2",10841,Not Applicable,Not Applicable
,"2018","2018","35-44 years","35-44","Medical Facility - Dead on Arrival","3",849,Not Applicable,Not Applicable
,"2018","2018","35-44 years","35-44","Decedent's home","4",26945,Not Applicable,Not Applicable
,"2018","2018","35-44 years","35-44","Hospice facility","5",2786,Not Applicable,Not Applicable
,"2018","2018","35-44 years","35-44","Nursing home/long term care","6",1379,Not Applicable,Not Applicable
,"2018","2018","35-44 years","35-44","Other","7",14412,Not Applicable,Not Applicable
,"2018","2018","35-44 years","35-44","Place of death unknown","9",36,Not Applicable,Not Applicable
,"2018","2018","45-54 years","45-54","Medical Facility - Inpatient","1",54721,Not Applicable,Not Applicable
,"2018","2018","45-54 years","45-54","Medical Facility - Outpatient or ER","2",18147,Not Applicable,Not Applicable
,"2018","2018","45-54 years","45-54","Medical Facility - Dead on Arrival","3",1211,Not Applicable,Not Applicable
,"2018","2018","45-54 years","45-54","Decedent's home","4",58330,Not Applicable,Not Applicable
,"2018","2018","45-54 years","45-54","Hospice facility","5",9543,Not Applicable,Not Applicable
,"2018","2018","45-54 years","45-54","Nursing home/long term care","6",6137,Not Applicable,Not Applicable
,"2018","2018","45-54 years","45-54","Other","7",16692,Not Applicable,Not Applicable
,"2018","2018","45-54 years","45-54","Place of death unknown","9",56,Not Applicable,Not Applicable
,"2018","2018","55-64 years","55-64","Medical Facility - Inpatient","1",128560,Not Applicable,Not Applicable
,"2018","2018","55-64 years","55-64","Medical Facility - Outpatient or ER","2",32005,Not Applicable,Not Applicable
,"2018","2018","55-64 years","55-64","Medical Facility - Dead on Arrival","3",1974,Not Applicable,Not Applicable
,"2018","2018","55-64 years","55-64","Decedent's home","4",136158,Not Applicable,Not Applicable
,"2018","2018","55-64 years","55-64","Hospice facility","5",27985,Not Applicable,Not Applicable
,"2018","2018","55-64 years","55-64","Nursing home/long term care","6",26105,Not Applicable,Not Applicable
,"2018","2018","55-64 years","55-64","Other","7",21968,Not Applicable,Not Applicable
,"2018","2018","55-64 years","55-64","Place of death unknown","9",81,Not Applicable,Not Applicable
,"2018","2018","65-74 years","65-74","Medical Facility - Inpatient","1",188173,Not Applicable,Not Applicable
,"2018","2018","65-74 years","65-74","Medical Facility - Outpatient or ER","2",36387,Not Applicable,Not Applicable
,"2018","2018","65-74 years","65-74","Medical Facility - Dead on Arrival","3",1875,Not Applicable,Not Applicable
,"2018","2018","65-74 years","65-74","Decedent's home","4",186511,Not Applicable,Not Applicable
,"2018","2018","65-74 years","65-74","Hospice facility","5",46459,Not Applicable,Not Applicable
,"2018","2018","65-74 years","65-74","Nursing home/long term care","6",63962,Not Applicable,Not Applicable
,"2018","2018","65-74 years","65-74","Other","7",20334,Not Applicable,Not Applicable
,"2018","2018","65-74 years","65-74","Place of death unknown","9",77,Not Applicable,Not Applicable
,"2018","2018","75-84 years","75-84","Medical Facility - Inpatient","1",202822,Not Applicable,Not Applicable
,"2018","2018","75-84 years","75-84","Medical Facility - Outpatient or ER","2",33645,Not Applicable,Not Applicable
,"2018","2018","75-84 years","75-84","Medical Facility - Dead on Arrival","3",1440,Not Applicable,Not Applicable
,"2018","2018","75-84 years","75-84","Decedent's home","4",212463,Not Applicable,Not Applicable
,"2018","2018","75-84 years","75-84","Hospice facility","5",60465,Not Applicable,Not Applicable
,"2018","2018","75-84 years","75-84","Nursing home/long term care","6",137316,Not Applicable,Not Applicable
,"2018","2018","75-84 years","75-84","Other","7",26959,Not Applicable,Not Applicable
,"2018","2018","75-84 years","75-84","Place of death unknown","9",95,Not Applicable,Not Applicable
,"2018","2018","85+ years","85+","Medical Facility - Inpatient","1",182591,Not Applicable,Not Applicable
,"2018","2018","85+ years","85+","Medical Facility - Outpatient or ER","2",26274,Not Applicable,Not Applicable
,"2018","2018","85+ years","85+","Medical Facility - Dead on Arrival","3",1130,Not Applicable,Not Applicable
,"2018","2018","85+ years","85+","Decedent's home","4",241286,Not Applicable,Not Applicable
,"2018","2018","85+ years","85+","Hospice facility","5",72660,Not Applicable,Not Applicable
,"2018","2018","85+ years","85+","Nursing home/long term care","6",304230,Not Applicable,Not Applicable
,"2018","2018","85+ years","85+","Other","7",51946,Not Applicable,Not Applicable
,"2018","2018","85+ years","85+","Place of death unknown","9",163,Not Applicable,Not Applicable
,"2018","2018","Not Stated","NS","Medical Facility - Inpatient","1",44,Not Applicable,Not Applicable
,"2018","2018","Not Stated","NS","Medical Facility - Outpatient or ER","2",13,Not Applicable,Not Applicable
,"2018","2018","Not Stated","NS","Decedent's home","4",47,Not Applicable,Not Applicable
,"2018","2018","Not Stated","NS","Other","7",31,Not Applicable,Not Applicable
,"2019","2019","< 1 year","1","Medical Facility - Inpatient","1",15884,Not Applicable,Not Applicable
,"2019","2019","< 1 year","1","Medical Facility - Outpatient or ER","2",2897,Not Applicable,Not Applicable
,"2019","2019","< 1 year","1","Medical Facility - Dead on Arrival","3",165,Not Applicable,Not Applicable
,"2019","2019","< 1 year","1","Decedent's home","4",1542,Not Applicable,Not Applicable
,"2019","2019","< 1 year","1","Hospice facility","5",56,Not Applicable,Not Applicable
,"2019","2019","< 1 year","1","Other","7",363,Not Applicable,Not Applicable
,"2019","2019","< 1 year","1","Place of death unknown","9",10,Not Applicable,Not Applicable
,"2019","2019","1-4 years","1-4","Medical Facility - Inpatient","1",1563,Not Applicable,Not Applicable
,"2019","2019","1-4 years","1-4","Medical Facility - Outpatient or ER","2",1123,Not Applicable,Not Applicable
,"2019","2019","1-4 years","1-4","Medical Facility - Dead on Arrival","3",59,Not Applicable,Not Applicable
,"2019","2019","1-4 years","1-4","Decedent's home","4",616,Not Applicable,Not Applicable
,"2019","2019","1-4 years","1-4","Hospice facility","5",24,Not Applicable,Not Applicable
,"2019","2019","1-4 years","1-4","Other","7",283,Not Applicable,Not Applicable
,"2019","2019","5-14 years","5-14","Medical Facility - Inpatient","1",2033,Not Applicable,Not Applicable
,"2019","2019","5-14 years","5-14","Medical Facility - Outpatient or ER","2",1267,Not Applicable,Not Applicable
,"2019","2019","5-14 years","5-14","Medical Facility - Dead on Arrival","3",67,Not Applicable,Not Applicable
,"2019","2019","5-14 years","5-14","Decedent's home","4",1326,Not Applicable,Not Applicable
,"2019","2019","5-14 years","5-14","Hospice facility","5",61,Not Applicable,Not Applicable
,"2019","2019","5-14 years","5-14","Nursing home/long term care","6",23,Not Applicable,Not Applicable
,"2019","2019","5-14 years","5-14","Other","7",719,Not Applicable,Not Applicable
,"2019","2019","15-24 years","15-24","Medical Facility - Inpatient","1",6024,Not Applicable,Not Applicable
,"2019","2019","15-24 years","15-24","Medical Facility - Outpatient or ER","2",5358,Not Applicable,Not Applicable
,"2019","2019","15-24 years","15-24","Medical Facility - Dead on Arrival","3",417,Not Applicable,Not Applicable
,"2019","2019","15-24 years","15-24","Decedent's home","4",7273,Not Applicable,Not Applicable
,"2019","2019","15-24 years","15-24","Hospice facility","5",233,Not Applicable,Not Applicable
,"2019","2019","15-24 years","15-24","Nursing home/long term care","6",100,Not Applicable,Not Applicable
,"2019","2019","15-24 years","15-24","Other","7",10344,Not Applicable,Not Applicable
,"2019","2019","15-24 years","15-24","Place of death unknown","9",22,Not Applicable,Not Applicable
,"2019","2019","25-34 years","25-34","Medical Facility - Inpatient","1",13258,Not Applicable,Not Applicable
,"2019","2019","25-34 years","25-34","Medical Facility - Outpatient or ER","2",9138,Not Applicable,Not Applicable
,"2019","2019","25-34 years","25-34","Medical Facility - Dead on Arrival","3",759,Not Applicable,Not Applicable
,"2019","2019","25-34 years","25-34","Decedent's home","4",18474,Not Applicable,Not Applicable
,"2019","2019","25-34 years","25-34","Hospice facility","5",978,Not Applicable,Not Applicable
,"2019","2019","25-34 years","25-34","Nursing home/long term care","6",392,Not Applicable,Not Applicable
,"2019","2019","25-34 years","25-34","Other","7",16149,Not Applicable,Not Applicable
,"2019","2019","25-34 years","25-34","Place of death unknown","9",30,Not Applicable,Not Applicable
,"2019","2019","35-44 years","35-44","Medical Facility - Inpatient","1",23562,Not Applicable,Not Applicable
,"2019","2019","35-44 years","35-44","Medical Facility - Outpatient or ER","2",11402,Not Applicable,Not Applicable
,"2019","2019","35-44 years","35-44","Medical Facility - Dead on Arrival","3",742,Not Applicable,Not Applicable
,"2019","2019","35-44 years","35-44","Decedent's home","4",27634,Not Applicable,Not Applicable
,"2019","2019","35-44 years","35-44","Hospice facility","5",2881,Not Applicable,Not Applicable
,"2019","2019","35-44 years","35-44","Nursing home/long term care","6",1317,Not Applicable,Not Applicable
,"2019","2019","35-44 years","35-44","Other","7",15412,Not Applicable,Not Applicable
,"2019","2019","35-44 years","35-44","Place of death unknown","9",36,Not Applicable,Not Applicable
,"2019","2019","45-54 years","45-54","Medical Facility - Inpatient","1",53129,Not Applicable,Not Applicable
,"2019","2019","45-54 years","45-54","Medical Facility - Outpatient or ER","2",17836,Not Applicable,Not Applicable
,"2019","2019","45-54 years","45-54","Medical Facility - Dead on Arrival","3",1114,Not Applicable,Not Applicable
,"2019","2019","45-54 years","45-54","Decedent's home","4",56386,Not Applicable,Not Applicable
,"2019","2019","45-54 years","45-54","Hospice facility","5",9012,Not Applicable,Not Applicable
,"2019","2019","45-54 years","45-54","Nursing home/long term care","6",5934,Not Applicable,Not Applicable
,"2019","2019","45-54 years","45-54","Other","7",16950,Not Applicable,Not Applicable
,"2019","2019","45-54 years","45-54","Place of death unknown","9",32,Not Applicable,Not Applicable
,"2019","2019","55-64 years","55-64","Medical Facility - Inpatient","1",127587,Not Applicable,Not Applicable
,"2019","2019","55-64 years","55-64","Medical Facility - Outpatient or ER","2",32520,Not Applicable,Not Applicable
,"2019","2019","55-64 years","55-64","Medical Facility - Dead on Arrival","3",1808,Not Applicable,Not Applicable
,"2019","2019","55-64 years","55-64","Decedent's home","4",136102,Not Applicable,Not Applicable
,"2019","2019","55-64 years","55-64","Hospice facility","5",27827,Not Applicable,Not Applicable
,"2019","2019","55-64 years","55-64","Nursing home/long term care","6",25839,Not Applicable,Not Applicable
,"2019","2019","55-64 years","55-64","Other","7",23168,Not Applicable,Not Applicable
,"2019","2019","55-64 years","55-64","Place of death unknown","9",86,Not Applicable,Not Applicable
,"2019","2019","65-74 years","65-74","Medical Facility - Inpatient","1",189381,Not Applicable,Not Applicable
,"2019","2019","65-74 years","65-74","Medical Facility - Outpatient or ER","2",37626,Not Applicable,Not Applicable
,"2019","2019","65-74 years","65-74","Medical Facility - Dead on Arrival","3",1763,Not Applicable,Not Applicable
,"2019","2019","65-74 years","65-74","Decedent's home","4",191782,Not Applicable,Not Applicable
,"2019","2019","65-74 years","65-74","Hospice facility","5",47685,Not Applicable,Not Applicable
,"2019","2019","65-74 years","65-74","Nursing home/long term care","6",65227,Not Applicable,Not Applicable
,"2019","2019","65-74 years","65-74","Other","7",21996,Not Applicable,Not Applicable
,"2019","2019","65-74 years","65-74","Place of death unknown","9",99,Not Applicable,Not Applicable
,"2019","2019","75-84 years","75-84","Medical Facility - Inpatient","1",204469,Not Applicable,Not Applicable
,"2019","2019","75-84 years","75-84","Medical Facility - Outpatient or ER","2",34149,Not Applicable,Not Applicable
,"2019","2019","75-84 years","75-84","Medical Facility - Dead on Arrival","3",1409,Not Applicable,Not Applicable
,"2019","2019","75-84 years","75-84","Decedent's home","4",217571,Not Applicable,Not Applicable
,"2019","2019","75-84 years","75-84","Hospice facility","5",62254,Not Applicable,Not Applicable
,"2019","2019","75-84 years","75-84","Nursing home/long term care","6",139305,Not Applicable,Not Applicable
,"2019","2019","75-84 years","75-84","Other","7",28774,Not Applicable,Not Applicable
,"2019","2019","75-84 years","75-84","Place of death unknown","9",96,Not Applicable,Not Applicable
,"2019","2019","85+ years","85+","Medical Facility - Inpatient","1",176319,Not Applicable,Not Applicable
,"2019","2019","85+ years","85+","Medical Facility - Outpatient or ER","2",25950,Not Applicable,Not Applicable
,"2019","2019","85+ years","85+","Medical Facility - Dead on Arrival","3",1009,Not Applicable,Not Applicable
,"2019","2019","85+ years","85+","Decedent's home","4",245840,Not Applicable,Not Applicable
,"2019","2019","85+ years","85+","Hospice facility","5",73306,Not Applicable,Not Applicable
,"2019","2019","85+ years","85+","Nursing home/long term care","6",297519,Not Applicable,Not Applicable
,"2019","2019","85+ years","85+","Other","7",53693,Not Applicable,Not Applicable
,"2019","2019","85+ years","85+","Place of death unknown","9",110,Not Applicable,Not Applicable
,"2019","2019","Not Stated","NS","Medical Facility - Inpatient","1",40,Not Applicable,Not Applicable
,"2019","2019","Not Stated","NS","Medical Facility - Outpatient or ER","2",10,Not Applicable,Not Applicable
,"2019","2019","Not Stated","NS","Decedent's home","4",42,Not Applicable,Not Applicable
,"2019","2019","Not Stated","NS","Other","7",48,Not Applicable,Not Applicable
,"2020","2020","< 1 year","1","Medical Facility - Inpatient","1",14733,Not Applicable,Not Applicable
,"2020","2020","< 1 year","1","Medical Facility - Outpatient or ER","2",2746,Not Applicable,Not Applicable
,"2020","2020","< 1 year","1","Medical Facility - Dead on Arrival","3",147,Not Applicable,Not Applicable
,"2020","2020","< 1 year","1","Decedent's home","4",1539,Not Applicable,Not Applicable
,"2020","2020","< 1 year","1","Hospice facility","5",26,Not Applicable,Not Applicable
,"2020","2020","< 1 year","1","Other","7",379,Not Applicable,Not Applicable
,"2020","2020","1-4 years","1-4","Medical Facility - Inpatient","1",1399,Not Applicable,Not Applicable
,"2020","2020","1-4 years","1-4","Medical Facility - Outpatient or ER","2",1099,Not Applicable,Not Applicable
,"2020","2020","1-4 years","1-4","Medical Facility - Dead on Arrival","3",46,Not Applicable,Not Applicable
,"2020","2020","1-4 years","1-4","Decedent's home","4",672,Not Applicable,Not Applicable
,"2020","2020","1-4 years","1-4","Hospice facility","5",17,Not Applicable,Not Applicable
,"2020","2020","1-4 years","1-4","Other","7",284,Not Applicable,Not Applicable
,"2020","2020","5-14 years","5-14","Medical Facility - Inpatient","1",1810,Not Applicable,Not Applicable
,"2020","2020","5-14 years","5-14","Medical Facility - Outpatient or ER","2",1352,Not Applicable,Not Applicable
,"2020","2020","5-14 years","5-14","Medical Facility - Dead on Arrival","3",42,Not Applicable,Not Applicable
,"2020","2020","5-14 years","5-14","Decedent's home","4",1528,Not Applicable,Not Applicable
,"2020","2020","5-14 years","5-14","Hospice facility","5",40,Not Applicable,Not Applicable
,"2020","2020","5-14 years","5-14","Other","7",845,Not Applicable,Not Applicable
,"2020","2020","15-24 years","15-24","Medical Facility - Inpatient","1",6777,Not Applicable,Not Applicable
,"2020","2020","15-24 years","15-24","Medical Facility - Outpatient or ER","2",6536,Not Applicable,Not Applicable
,"2020","2020","15-24 years","15-24","Medical Facility - Dead on Arrival","3",478,Not Applicable,Not Applicable
,"2020","2020","15-24 years","15-24","Decedent's home","4",9143,Not Applicable,Not Applicable
,"2020","2020","15-24 years","15-24","Hospice facility","5",180,Not Applicable,Not Applicable
,"2020","2020","15-24 years","15-24","Nursing home/long term care","6",99,Not Applicable,Not Applicable
,"2020","2020","15-24 years","15-24","Other","7",12575,Not Applicable,Not Applicable
,"2020","2020","15-24 years","15-24","Place of death unknown","9",28,Not Applicable,Not Applicable
,"2020","2020","25-34 years","25-34","Medical Facility - Inpatient","1",16329,Not Applicable,Not Applicable
,"2020","2020","25-34 years","25-34","Medical Facility - Outpatient or ER","2",11145,Not Applicable,Not Applicable
,"2020","2020","25-34 years","25-34","Medical Facility - Dead on Arrival","3",767,Not Applicable,Not Applicable
,"2020","2020","25-34 years","25-34","Decedent's home","4",23439,Not Applicable,Not Applicable
,"2020","2020","25-34 years","25-34","Hospice facility","5",905,Not Applicable,Not Applicable
,"2020","2020","25-34 years","25-34","Nursing home/long term care","6",451,Not Applicable,Not Applicable
,"2020","2020","25-34 years","25-34","Other","7",20423,Not Applicable,Not Applicable
,"2020","2020","25-34 years","25-34","Place of death unknown","9",27,Not Applicable,Not Applicable
,"2020","2020","35-44 years","35-44","Medical Facility - Inpatient","1",30639,Not Applicable,Not Applicable
,"2020","2020","35-44 years","35-44","Medical Facility - Outpatient or ER","2",13690,Not Applicable,Not Applicable
,"2020","2020","35-44 years","35-44","Medical Facility - Dead on Arrival","3",904,Not Applicable,Not Applicable
,"2020","2020","35-44 years","35-44","Decedent's home","4",36004,Not Applicable,Not Applicable
,"2020","2020","35-44 years","35-44","Hospice facility","5",2543,Not Applicable,Not Applicable
,"2020","2020","35-44 years","35-44","Nursing home/long term care","6",1324,Not Applicable,Not Applicable
,"2020","2020","35-44 years","35-44","Other","7",19343,Not Applicable,Not Applicable
,"2020","2020","35-44 years","35-44","Place of death unknown","9",43,Not Applicable,Not Applicable
,"2020","2020","45-54 years","45-54","Medical Facility - Inpatient","1",68019,Not Applicable,Not Applicable
,"2020","2020","45-54 years","45-54","Medical Facility - Outpatient or ER","2",20559,Not Applicable,Not Applicable
,"2020","2020","45-54 years","45-54","Medical Facility - Dead on Arrival","3",1117,Not Applicable,Not Applicable
,"2020","2020","45-54 years","45-54","Decedent's home","4",68434,Not Applicable,Not Applicable
,"2020","2020","45-54 years","45-54","Hospice facility","5",7517,Not Applicable,Not Applicable
,"2020","2020","45-54 years","45-54","Nursing home/long term care","6",5550,Not Applicable,Not Applicable
,"2020","2020","45-54 years","45-54","Other","7",19891,Not Applicable,Not Applicable
,"2020","2020","45-54 years","45-54","Place of death unknown","9",55,Not Applicable,Not Applicable
,"2020","2020","55-64 years","55-64","Medical Facility - Inpatient","1",162247,Not Applicable,Not Applicable
,"2020","2020","55-64 years","55-64","Medical Facility - Outpatient or ER","2",35980,Not Applicable,Not Applicable
,"2020","2020","55-64 years","55-64","Medical Facility - Dead on Arrival","3",1830,Not Applicable,Not Applicable
,"2020","2020","55-64 years","55-64","Decedent's home","4",163779,Not Applicable,Not Applicable
,"2020","2020","55-64 years","55-64","Hospice facility","5",23898,Not Applicable,Not Applicable
,"2020","2020","55-64 years","55-64","Nursing home/long term care","6",26028,Not Applicable,Not Applicable
,"2020","2020","55-64 years","55-64","Other","7",26678,Not Applicable,Not Applicable
,"2020","2020","55-64 years","55-64","Place of death unknown","9",109,Not Applicable,Not Applicable
,"2020","2020","65-74 years","65-74","Medical Facility - Inpatient","1",249214,Not Applicable,Not Applicable
,"2020","2020","65-74 years","65-74","Medical Facility - Outpatient or ER","2",42670,Not Applicable,Not Applicable
,"2020","2020","65-74 years","65-74","Medical Facility - Dead on Arrival","3",1804,Not Applicable,Not Applicable
,"2020","2020","65-74 years","65-74","Decedent's home","4",239128,Not Applicable,Not Applicable
,"2020","2020","65-74 years","65-74","Hospice facility","5",43283,Not Applicable,Not Applicable
,"2020","2020","65-74 years","65-74","Nursing home/long term care","6",71656,Not Applicable,Not Applicable
,"2020","2020","65-74 years","65-74","Other","7",26650,Not Applicable,Not Applicable
,"2020","2020","65-74 years","65-74","Place of death unknown","9",102,Not Applicable,Not Applicable
,"2020","2020","75-84 years","75-84","Medical Facility - Inpatient","1",261868,Not Applicable,Not Applicable
,"2020","2020","75-84 years","75-84","Medical Facility - Outpatient or ER","2",38341,Not Applicable,Not Applicable
,"2020","2020","75-84 years","75-84","Medical Facility - Dead on Arrival","3",1435,Not Applicable,Not Applicable
,"2020","2020","75-84 years","75-84","Decedent's home","4",274618,Not Applicable,Not Applicable
,"2020","2020","75-84 years","75-84","Hospice facility","5",57571,Not Applicable,Not Applicable
,"2020","2020","75-84 years","75-84","Nursing home/long term care","6",153131,Not Applicable,Not Applicable
,"2020","2020","75-84 years","75-84","Other","7",34990,Not Applicable,Not Applicable
,"2020","2020","75-84 years","75-84","Place of death unknown","9",130,Not Applicable,Not Applicable
,"2020","2020","85+ years","85+","Medical Facility - Inpatient","1",210786,Not Applicable,Not Applicable
,"2020","2020","85+ years","85+","Medical Facility - Outpatient or ER","2",28345,Not Applicable,Not Applicable
,"2020","2020","85+ years","85+","Medical Facility - Dead on Arrival","3",1101,Not Applicable,Not Applicable
,"2020","2020","85+ years","85+","Decedent's home","4",309646,Not Applicable,Not Applicable
,"2020","2020","85+ years","85+","Hospice facility","5",68688,Not Applicable,Not Applicable
,"2020","2020","85+ years","85+","Nursing home/long term care","6",329725,Not Applicable,Not Applicable
,"2020","2020","85+ years","85+","Other","7",64371,Not Applicable,Not Applicable
,"2020","2020","85+ years","85+","Place of death unknown","9",143,Not Applicable,Not Applicable
,"2020","2020","Not Stated","NS","Medical Facility - Inpatient","1",16,Not Applicable,Not Applicable
,"2020","2020","Not Stated","NS","Decedent's home","4",37,Not Applicable,Not Applicable
,"2020","2020","Not Stated","NS","Other","7",50,Not Applicable,Not Applicable
,"2021","2021","< 1 year","1","Medical Facility - Inpatient","1",14738,Not Applicable,Not Applicable
,"2021","2021","< 1 year","1","Medical Facility - Outpatient or ER","2",3015,Not Applicable,Not Applicable
,"2021","2021","< 1 year","1","Medical Facility - Dead on Arrival","3",147,Not Applicable,Not Applicable
,"2021","2021","< 1 year","1","Decedent's home","4",1538,Not Applicable,Not Applicable
,"2021","2021","< 1 year","1","Hospice facility","5",58,Not Applicable,Not Applicable
,"2021","2021","< 1 year","1","Other","7",404,Not Applicable,Not Applicable
,"2021","2021","< 1 year","1","Place of death unknown","9",12,Not Applicable,Not Applicable
,"2021","2021","1-4 years","1-4","Medical Facility - Inpatient","1",1483,Not Applicable,Not Applicable
,"2021","2021","1-4 years","1-4","Medical Facility - Outpatient or ER","2",1186,Not Applicable,Not Applicable
,"2021","2021","1-4 years","1-4","Medical Facility - Dead on Arrival","3",40,Not Applicable,Not Applicable
,"2021","2021","1-4 years","1-4","Decedent's home","4",760,Not Applicable,Not Applicable
,"2021","2021","1-4 years","1-4","Hospice facility","5",22,Not Applicable,Not Applicable
,"2021","2021","1-4 years","1-4","Other","7",317,Not Applicable,Not Applicable
,"2021","2021","5-14 years","5-14","Medical Facility - Inpatient","1",2005,Not Applicable,Not Applicable
,"2021","2021","5-14 years","5-14","Medical Facility - Outpatient or ER","2",1393,Not Applicable,Not Applicable
,"2021","2021","5-14 years","5-14","Medical Facility - Dead on Arrival","3",64,Not Applicable,Not Applicable
,"2021","2021","5-14 years","5-14","Decedent's home","4",1581,Not Applicable,Not Applicable
,"2021","2021","5-14 years","5-14","Hospice facility","5",37,Not Applicable,Not Applicable
,"2021","2021","5-14 years","5-14","Nursing home/long term care","6",10,Not Applicable,Not Applicable
,"2021","2021","5-14 years","5-14","Other","7",884,Not Applicable,Not Applicable
,"2021","2021","15-24 years","15-24","Medical Facility - Inpatient","1",7727,Not Applicable,Not Applicable
,"2021","2021","15-24 years","15-24","Medical Facility - Outpatient or ER","2",6650,Not Applicable,Not Applicable
,"2021","2021","15-24 years","15-24","Medical Facility - Dead on Arrival","3",441,Not Applicable,Not Applicable
,"2021","2021","15-24 years","15-24","Decedent's home","4",9645,Not Applicable,Not Applicable
,"2021","2021","15-24 years","15-24","Hospice facility","5",215,Not Applicable,Not Applicable
,"2021","2021","15-24 years","15-24","Nursing home/long term care","6",89,Not Applicable,Not Applicable
,"2021","2021","15-24 years","15-24","Other","7",13524,Not Applicable,Not Applicable
,"2021","2021","15-24 years","15-24","Place of death unknown","9",16,Not Applicable,Not Applicable
,"2021","2021","25-34 years","25-34","Medical Facility - Inpatient","1",20351,Not Applicable,Not Applicable
,"2021","2021","25-34 years","25-34","Medical Facility - Outpatient or ER","2",11484,Not Applicable,Not Applicable
,"2021","2021","25-34 years","25-34","Medical Facility - Dead on Arrival","3",779,Not Applicable,Not Applicable
,"2021","2021","25-34 years","25-34","Decedent's home","4",25235,Not Applicable,Not Applicable
,"2021","2021","25-34 years","25-34","Hospice facility","5",879,Not Applicable,Not Applicable
,"2021","2021","25-34 years","25-34","Nursing home/long term care","6",499,Not Applicable,Not Applicable
,"2021","2021","25-34 years","25-34","Other","7",22997,Not Applicable,Not Applicable
,"2021","2021","25-34 years","25-34","Place of death unknown","9",50,Not Applicable,Not Applicable
,"2021","2021","35-44 years","35-44","Medical Facility - Inpatient","1",41716,Not Applicable,Not Applicable
,"2021","2021","35-44 years","35-44","Medical Facility - Outpatient or ER","2",15118,Not Applicable,Not Applicable
,"2021","2021","35-44 years","35-44","Medical Facility - Dead on Arrival","3",834,Not Applicable,Not Applicable
,"2021","2021","35-44 years","35-44","Decedent's home","4",40514,Not Applicable,Not Applicable
,"2021","2021","35-44 years","35-44","Hospice facility","5",2642,Not Applicable,Not Applicable
,"2021","2021","35-44 years","35-44","Nursing home/long term care","6",1442,Not Applicable,Not Applicable
,"2021","2021","35-44 years","35-44","Other","7",22620,Not Applicable,Not Applicable
,"2021","2021","35-44 years","35-44","Place of death unknown","9",53,Not Applicable,Not Applicable
,"2021","2021","45-54 years","45-54","Medical Facility - Inpatient","1",86954,Not Applicable,Not Applicable
,"2021","2021","45-54 years","45-54","Medical Facility - Outpatient or ER","2",20954,Not Applicable,Not Applicable
,"2021","2021","45-54 years","45-54","Medical Facility - Dead on Arrival","3",1145,Not Applicable,Not Applicable
,"2021","2021","45-54 years","45-54","Decedent's home","4",71873,Not Applicable,Not Applicable
,"2021","2021","45-54 years","45-54","Hospice facility","5",7524,Not Applicable,Not Applicable
,"2021","2021","45-54 years","45-54","Nursing home/long term care","6",5238,Not Applicable,Not Applicable
,"2021","2021","45-54 years","45-54","Other","7",22291,Not Applicable,Not Applicable
,"2021","2021","45-54 years","45-54","Place of death unknown","9",58,Not Applicable,Not Applicable
,"2021","2021","55-64 years","55-64","Medical Facility - Inpatient","1",195453,Not Applicable,Not Applicable
,"2021","2021","55-64 years","55-64","Medical Facility - Outpatient or ER","2",36587,Not Applicable,Not Applicable
,"2021","2021","55-64 years","55-64","Medical Facility - Dead on Arrival","3",1795,Not Applicable,Not Applicable
,"2021","2021","55-64 years","55-64","Decedent's home","4",167364,Not Applicable,Not Applicable
,"2021","2021","55-64 years","55-64","Hospice facility","5",23453,Not Applicable,Not Applicable
,"2021","2021","55-64 years","55-64","Nursing home/long term care","6",24141,Not Applicable,Not Applicable
,"2021","2021","55-64 years","55-64","Other","7",29308,Not Applicable,Not Applicable
,"2021","2021","55-64 years","55-64","Place of death unknown","9",70,Not Applicable,Not Applicable
,"2021","2021","65-74 years","65-74","Medical Facility - Inpatient","1",290460,Not Applicable,Not Applicable
,"2021","2021","65-74 years","65-74","Medical Facility - Outpatient or ER","2",43494,Not Applicable,Not Applicable
,"2021","2021","65-74 years","65-74","Medical Facility - Dead on Arrival","3",1741,Not Applicable,Not Applicable
,"2021","2021","65-74 years","65-74","Decedent's home","4",249028,Not Applicable,Not Applicable
,"2021","2021","65-74 years","65-74","Hospice facility","5",44464,Not Applicable,Not Applicable
,"2021","2021","65-74 years","65-74","Nursing home/long term care","6",65948,Not Applicable,Not Applicable
,"2021","2021","65-74 years","65-74","Other","7",29047,Not Applicable,Not Applicable
,"2021","2021","65-74 years","65-74","Place of death unknown","9",84,Not Applicable,Not Applicable
,"2021","2021","75-84 years","75-84","Medical Facility - Inpatient","1",283808,Not Applicable,Not Applicable
,"2021","2021","75-84 years","75-84","Medical Facility - Outpatient or ER","2",37986,Not Applicable,Not Applicable
,"2021","2021","75-84 years","75-84","Medical Facility - Dead on Arrival","3",1386,Not Applicable,Not Applicable
,"2021","2021","75-84 years","75-84","Decedent's home","4",280691,Not Applicable,Not Applicable
,"2021","2021","75-84 years","75-84","Hospice facility","5",59178,Not Applicable,Not Applicable
,"2021","2021","75-84 years","75-84","Nursing home/long term care","6",130405,Not Applicable,Not Applicable
,"2021","2021","75-84 years","75-84","Other","7",36103,Not Applicable,Not Applicable
,"2021","2021","75-84 years","75-84","Place of death unknown","9",96,Not Applicable,Not Applicable
,"2021","2021","85+ years","85+","Medical Facility - Inpatient","1",207230,Not Applicable,Not Applicable
,"2021","2021","85+ years","85+","Medical Facility - Outpatient or ER","2",27560,Not Applicable,Not Applicable
,"2021","2021","85+ years","85+","Medical Facility - Dead on Arrival","3",949,Not Applicable,Not Applicable
,"2021","2021","85+ years","85+","Decedent's home","4",315504,Not Applicable,Not Applicable
,"2021","2021","85+ years","85+","Hospice facility","5",68961,Not Applicable,Not Applicable
,"2021","2021","85+ years","85+","Nursing home/long term care","6",259002,Not Applicable,Not Applicable
,"2021","2021","85+ years","85+","Other","7",61472,Not Applicable,Not Applicable
,"2021","2021","85+ years","85+","Place of death unknown","9",102,Not Applicable,Not Applicable
,"2021","2021","Not Stated","NS","Medical Facility - Inpatient","1",11,Not Applicable,Not Applicable
,"2021","2021","Not Stated","NS","Decedent's home","4",37,Not Applicable,Not Applicable
,"2021","2021","Not Stated","NS","Other","7",33,Not Applicable,Not Applicable
,"2022","2022","< 1 year","1","Medical Facility - Inpatient","1",15268,Not Applicable,Not Applicable
,"2022","2022","< 1 year","1","Medical Facility - Outpatient or ER","2",3158,Not Applicable,Not Applicable
,"2022","2022","< 1 year","1","Medical Facility - Dead on Arrival","3",126,Not Applicable,Not Applicable
,"2022","2022","< 1 year","1","Decedent's home","4",1547,Not Applicable,Not Applicable
,"2022","2022","< 1 year","1","Hospice facility","5",56,Not Applicable,Not Applicable
,"2022","2022","< 1 year","1","Nursing home/long term care","6",11,Not Applicable,Not Applicable
,"2022","2022","< 1 year","1","Other","7",385,Not Applicable,Not Applicable
,"2022","2022","1-4 years","1-4","Medical Facility - Inpatient","1",1559,Not Applicable,Not Applicable
,"2022","2022","1-4 years","1-4","Medical Facility - Outpatient or ER","2",1368,Not Applicable,Not Applicable
,"2022","2022","1-4 years","1-4","Medical Facility - Dead on Arrival","3",37,Not Applicable,Not Applicable
,"2022","2022","1-4 years","1-4","Decedent's home","4",814,Not Applicable,Not Applicable
,"2022","2022","1-4 years","1-4","Hospice facility","5",20,Not Applicable,Not Applicable
,"2022","2022","1-4 years","1-4","Other","7",353,Not Applicable,Not Applicable
,"2022","2022","5-14 years","5-14","Medical Facility - Inpatient","1",2155,Not Applicable,Not Applicable
,"2022","2022","5-14 years","5-14","Medical Facility - Outpatient or ER","2",1506,Not Applicable,Not Applicable
,"2022","2022","5-14 years","5-14","Medical Facility - Dead on Arrival","3",49,Not Applicable,Not Applicable
,"2022","2022","5-14 years","5-14","Decedent's home","4",1589,Not Applicable,Not Applicable
,"2022","2022","5-14 years","5-14","Hospice facility","5",41,Not Applicable,Not Applicable
,"2022","2022","5-14 years","5-14","Nursing home/long term care","6",16,Not Applicable,Not Applicable
,"2022","2022","5-14 years","5-14","Other","7",883,Not Applicable,Not Applicable
,"2022","2022","15-24 years","15-24","Medical Facility - Inpatient","1",6726,Not Applicable,Not Applicable
,"2022","2022","15-24 years","15-24","Medical Facility - Outpatient or ER","2",6070,Not Applicable,Not Applicable
,"2022","2022","15-24 years","15-24","Medical Facility - Dead on Arrival","3",378,Not Applicable,Not Applicable
,"2022","2022","15-24 years","15-24","Decedent's home","4",9010,Not Applicable,Not Applicable
,"2022","2022","15-24 years","15-24","Hospice facility","5",189,Not Applicable,Not Applicable
,"2022","2022","15-24 years","15-24","Nursing home/long term care","6",95,Not Applicable,Not Applicable
,"2022","2022","15-24 years","15-24","Other","7",12752,Not Applicable,Not Applicable
,"2022","2022","15-24 years","15-24","Place of death unknown","9",12,Not Applicable,Not Applicable
,"2022","2022","25-34 years","25-34","Medical Facility - Inpatient","1",16232,Not Applicable,Not Applicable
,"2022","2022","25-34 years","25-34","Medical Facility - Outpatient or ER","2",10522,Not Applicable,Not Applicable
,"2022","2022","25-34 years","25-34","Medical Facility - Dead on Arrival","3",682,Not Applicable,Not Applicable
,"2022","2022","25-34 years","25-34","Decedent's home","4",23586,Not Applicable,Not Applicable
,"2022","2022","25-34 years","25-34","Hospice facility","5",853,Not Applicable,Not Applicable
,"2022","2022","25-34 years","25-34","Nursing home/long term care","6",416,Not Applicable,Not Applicable
,"2022","2022","25-34 years","25-34","Other","7",22047,Not Applicable,Not Applicable
,"2022","2022","25-34 years","25-34","Place of death unknown","9",31,Not Applicable,Not Applicable
,"2022","2022","35-44 years","35-44","Medical Facility - Inpatient","1",31477,Not Applicable,Not Applicable
,"2022","2022","35-44 years","35-44","Medical Facility - Outpatient or ER","2",14006,Not Applicable,Not Applicable
,"2022","2022","35-44 years","35-44","Medical Facility - Dead on Arrival","3",759,Not Applicable,Not Applicable
,"2022","2022","35-44 years","35-44","Decedent's home","4",38162,Not Applicable,Not Applicable
,"2022","2022","35-44 years","35-44","Hospice facility","5",2608,Not Applicable,Not Applicable
,"2022","2022","35-44 years","35-44","Nursing home/long term care","6",1360,Not Applicable,Not Applicable
,"2022","2022","35-44 years","35-44","Other","7",23199,Not Applicable,Not Applicable
,"2022","2022","35-44 years","35-44","Place of death unknown","9",34,Not Applicable,Not Applicable
,"2022","2022","45-54 years","45-54","Medical Facility - Inpatient","1",63381,Not Applicable,Not Applicable
,"2022","2022","45-54 years","45-54","Medical Facility - Outpatient or ER","2",18927,Not Applicable,Not Applicable
,"2022","2022","45-54 years","45-54","Medical Facility - Dead on Arrival","3",955,Not Applicable,Not Applicable
,"2022","2022","45-54 years","45-54","Decedent's home","4",65636,Not Applicable,Not Applicable
,"2022","2022","45-54 years","45-54","Hospice facility","5",7115,Not Applicable,Not Applicable
,"2022","2022","45-54 years","45-54","Nursing home/long term care","6",4944,Not Applicable,Not Applicable
,"2022","2022","45-54 years","45-54","Other","7",22290,Not Applicable,Not Applicable
,"2022","2022","45-54 years","45-54","Place of death unknown","9",36,Not Applicable,Not Applicable
,"2022","2022","55-64 years","55-64","Medical Facility - Inpatient","1",151854,Not Applicable,Not Applicable
,"2022","2022","55-64 years","55-64","Medical Facility - Outpatient or ER","2",33473,Not Applicable,Not Applicable
,"2022","2022","55-64 years","55-64","Medical Facility - Dead on Arrival","3",1515,Not Applicable,Not Applicable
,"2022","2022","55-64 years","55-64","Decedent's home","4",155448,Not Applicable,Not Applicable
,"2022","2022","55-64 years","55-64","Hospice facility","5",22648,Not Applicable,Not Applicable
,"2022","2022","55-64 years","55-64","Nursing home/long term care","6",23436,Not Applicable,Not Applicable
,"2022","2022","55-64 years","55-64","Other","7",29121,Not Applicable,Not Applicable
,"2022","2022","55-64 years","55-64","Place of death unknown","9",46,Not Applicable,Not Applicable
,"2022","2022","65-74 years","65-74","Medical Facility - Inpatient","1",243048,Not Applicable,Not Applicable
,"2022","2022","65-74 years","65-74","Medical Facility - Outpatient or ER","2",41850,Not Applicable,Not Applicable
,"2022","2022","65-74 years","65-74","Medical Facility - Dead on Arrival","3",1652,Not Applicable,Not Applicable
,"2022","2022","65-74 years","65-74","Decedent's home","4",241255,Not Applicable,Not Applicable
,"2022","2022","65-74 years","65-74","Hospice facility","5",43655,Not Applicable,Not Applicable
,"2022","2022","65-74 years","65-74","Nursing home/long term care","6",67296,Not Applicable,Not Applicable
,"2022","2022","65-74 years","65-74","Other","7",29785,Not Applicable,Not Applicable
,"2022","2022","65-74 years","65-74","Place of death unknown","9",40,Not Applicable,Not Applicable
,"2022","2022","75-84 years","75-84","Medical Facility - Inpatient","1",262941,Not Applicable,Not Applicable
,"2022","2022","75-84 years","75-84","Medical Facility - Outpatient or ER","2",38762,Not Applicable,Not Applicable
,"2022","2022","75-84 years","75-84","Medical Facility - Dead on Arrival","3",1299,Not Applicable,Not Applicable
,"2022","2022","75-84 years","75-84","Decedent's home","4",281560,Not Applicable,Not Applicable
,"2022","2022","75-84 years","75-84","Hospice facility","5",60991,Not Applicable,Not Applicable
,"2022","2022","75-84 years","75-84","Nursing home/long term care","6",140205,Not Applicable,Not Applicable
,"2022","2022","75-84 years","75-84","Other","7",39100,Not Applicable,Not Applicable
,"2022","2022","75-84 years","75-84","Place of death unknown","9",45,Not Applicable,Not Applicable
,"2022","2022","85+ years","85+","Medical Facility - Inpatient","1",200182,Not Applicable,Not Applicable
,"2022","2022","85+ years","85+","Medical Facility - Outpatient or ER","2",26982,Not Applicable,Not Applicable
,"2022","2022","85+ years","85+","Medical Facility - Dead on Arrival","3",864,Not Applicable,Not Applicable
,"2022","2022","85+ years","85+","Decedent's home","4",305753,Not Applicable,Not Applicable
,"2022","2022","85+ years","85+","Hospice facility","5",69064,Not Applicable,Not Applicable
,"2022","2022","85+ years","85+","Nursing home/long term care","6",263240,Not Applicable,Not Applicable
,"2022","2022","85+ years","85+","Other","7",67163,Not Applicable,Not Applicable
,"2022","2022","85+ years","85+","Place of death unknown","9",43,Not Applicable,Not Applicable
,"2022","2022","Not Stated","NS","Medical Facility - Inpatient","1",14,Not Applicable,Not Applicable
,"2022","2022","Not Stated","NS","Decedent's home","4",37,Not Applicable,Not Applicable
,"2022","2022","Not Stated","NS","Other","7",34,Not Applicable,Not Applicable
,"2023","2023","< 1 year","1","Medical Facility - Inpatient","1",15059,Not Applicable,Not Applicable
,"2023","2023","< 1 year","1","Medical Facility - Outpatient or ER","2",3033,Not Applicable,Not Applicable
,"2023","2023","< 1 year","1","Medical Facility - Dead on Arrival","3",113,Not Applicable,Not Applicable
,"2023","2023","< 1 year","1","Decedent's home","4",1491,Not Applicable,Not Applicable
,"2023","2023","< 1 year","1","Hospice facility","5",50,Not Applicable,Not Applicable
,"2023","2023","< 1 year","1","Other","7",393,Not Applicable,Not Applicable
,"2023","2023","1-4 years","1-4","Medical Facility - Inpatient","1",1589,Not Applicable,Not Applicable
,"2023","2023","1-4 years","1-4","Medical Facility - Outpatient or ER","2",1373,Not Applicable,Not Applicable
,"2023","2023","1-4 years","1-4","Medical Facility - Dead on Arrival","3",44,Not Applicable,Not Applicable
,"2023","2023","1-4 years","1-4","Decedent's home","4",744,Not Applicable,Not Applicable
,"2023","2023","1-4 years","1-4","Hospice facility","5",21,Not Applicable,Not Applicable
,"2023","2023","1-4 years","1-4","Other","7",282,Not Applicable,Not Applicable
,"2023","2023","5-14 years","5-14","Medical Facility - Inpatient","1",2185,Not Applicable,Not Applicable
,"2023","2023","5-14 years","5-14","Medical Facility - Outpatient or ER","2",1414,Not Applicable,Not Applicable
,"2023","2023","5-14 years","5-14","Medical Facility - Dead on Arrival","3",58,Not Applicable,Not Applicable
,"2023","2023","5-14 years","5-14","Decedent's home","4",1488,Not Applicable,Not Applicable
,"2023","2023","5-14 years","5-14","Hospice facility","5",45,Not Applicable,Not Applicable
,"2023","2023","5-14 years","5-14","Nursing home/long term care","6",12,Not Applicable,Not Applicable
,"2023","2023","5-14 years","5-14","Other","7",802,Not Applicable,Not Applicable
,"2023","2023","15-24 years","15-24","Medical Facility - Inpatient","1",6460,Not Applicable,Not Applicable
,"2023","2023","15-24 years","15-24","Medical Facility - Outpatient or ER","2",6116,Not Applicable,Not Applicable
,"2023","2023","15-24 years","15-24","Medical Facility - Dead on Arrival","3",339,Not Applicable,Not Applicable
,"2023","2023","15-24 years","15-24","Decedent's home","4",8116,Not Applicable,Not Applicable
,"2023","2023","15-24 years","15-24","Hospice facility","5",203,Not Applicable,Not Applicable
,"2023","2023","15-24 years","15-24","Nursing home/long term care","6",99,Not Applicable,Not Applicable
,"2023","2023","15-24 years","15-24","Other","7",12357,Not Applicable,Not Applicable
,"2023","2023","15-24 years","15-24","Place of death unknown","9",21,Not Applicable,Not Applicable
,"2023","2023","25-34 years","25-34","Medical Facility - Inpatient","1",14289,Not Applicable,Not Applicable
,"2023","2023","25-34 years","25-34","Medical Facility - Outpatient or ER","2",9718,Not Applicable,Not Applicable
,"2023","2023","25-34 years","25-34","Medical Facility - Dead on Arrival","3",513,Not Applicable,Not Applicable
,"2023","2023","25-34 years","25-34","Decedent's home","4",21317,Not Applicable,Not Applicable
,"2023","2023","25-34 years","25-34","Hospice facility","5",770,Not Applicable,Not Applicable
,"2023","2023","25-34 years","25-34","Nursing home/long term care","6",457,Not Applicable,Not Applicable
,"2023","2023","25-34 years","25-34","Other","7",20363,Not Applicable,Not Applicable
,"2023","2023","25-34 years","25-34","Place of death unknown","9",22,Not Applicable,Not Applicable
,"2023","2023","35-44 years","35-44","Medical Facility - Inpatient","1",28752,Not Applicable,Not Applicable
,"2023","2023","35-44 years","35-44","Medical Facility - Outpatient or ER","2",12959,Not Applicable,Not Applicable
,"2023","2023","35-44 years","35-44","Medical Facility - Dead on Arrival","3",638,Not Applicable,Not Applicable
,"2023","2023","35-44 years","35-44","Decedent's home","4",36108,Not Applicable,Not Applicable
,"2023","2023","35-44 years","35-44","Hospice facility","5",2632,Not Applicable,Not Applicable
,"2023","2023","35-44 years","35-44","Nursing home/long term care","6",1348,Not Applicable,Not Applicable
,"2023","2023","35-44 years","35-44","Other","7",22868,Not Applicable,Not Applicable
,"2023","2023","35-44 years","35-44","Place of death unknown","9",31,Not Applicable,Not Applicable
,"2023","2023","45-54 years","45-54","Medical Facility - Inpatient","1",55036,Not Applicable,Not Applicable
,"2023","2023","45-54 years","45-54","Medical Facility - Outpatient or ER","2",17505,Not Applicable,Not Applicable
,"2023","2023","45-54 years","45-54","Medical Facility - Dead on Arrival","3",834,Not Applicable,Not Applicable
,"2023","2023","45-54 years","45-54","Decedent's home","4",60316,Not Applicable,Not Applicable
,"2023","2023","45-54 years","45-54","Hospice facility","5",7106,Not Applicable,Not Applicable
,"2023","2023","45-54 years","45-54","Nursing home/long term care","6",4911,Not Applicable,Not Applicable
,"2023","2023","45-54 years","45-54","Other","7",21026,Not Applicable,Not Applicable
,"2023","2023","45-54 years","45-54","Place of death unknown","9",39,Not Applicable,Not Applicable
,"2023","2023","55-64 years","55-64","Medical Facility - Inpatient","1",130084,Not Applicable,Not Applicable
,"2023","2023","55-64 years","55-64","Medical Facility - Outpatient or ER","2",30697,Not Applicable,Not Applicable
,"2023","2023","55-64 years","55-64","Medical Facility - Dead on Arrival","3",1299,Not Applicable,Not Applicable
,"2023","2023","55-64 years","55-64","Decedent's home","4",142326,Not Applicable,Not Applicable
,"2023","2023","55-64 years","55-64","Hospice facility","5",22057,Not Applicable,Not Applicable
,"2023","2023","55-64 years","55-64","Nursing home/long term care","6",23088,Not Applicable,Not Applicable
,"2023","2023","55-64 years","55-64","Other","7",26945,Not Applicable,Not Applicable
,"2023","2023","55-64 years","55-64","Place of death unknown","9",38,Not Applicable,Not Applicable
,"2023","2023","65-74 years","65-74","Medical Facility - Inpatient","1",215494,Not Applicable,Not Applicable
,"2023","2023","65-74 years","65-74","Medical Facility - Outpatient or ER","2",38811,Not Applicable,Not Applicable
,"2023","2023","65-74 years","65-74","Medical Facility - Dead on Arrival","3",1449,Not Applicable,Not Applicable
,"2023","2023","65-74 years","65-74","Decedent's home","4",230961,Not Applicable,Not Applicable
,"2023","2023","65-74 years","65-74","Hospice facility","5",43997,Not Applicable,Not Applicable
,"2023","2023","65-74 years","65-74","Nursing home/long term care","6",69274,Not Applicable,Not Applicable
,"2023","2023","65-74 years","65-74","Other","7",27648,Not Applicable,Not Applicable
,"2023","2023","65-74 years","65-74","Place of death unknown","9",46,Not Applicable,Not Applicable
,"2023","2023","75-84 years","75-84","Medical Facility - Inpatient","1",242623,Not Applicable,Not Applicable
,"2023","2023","75-84 years","75-84","Medical Facility - Outpatient or ER","2",36103,Not Applicable,Not Applicable
,"2023","2023","75-84 years","75-84","Medical Facility - Dead on Arrival","3",1148,Not Applicable,Not Applicable
,"2023","2023","75-84 years","75-84","Decedent's home","4",272427,Not Applicable,Not Applicable
,"2023","2023","75-84 years","75-84","Hospice facility","5",63722,Not Applicable,Not Applicable
,"2023","2023","75-84 years","75-84","Nursing home/long term care","6",146219,Not Applicable,Not Applicable
,"2023","2023","75-84 years","75-84","Other","7",35904,Not Applicable,Not Applicable
,"2023","2023","75-84 years","75-84","Place of death unknown","9",42,Not Applicable,Not Applicable
,"2023","2023","85+ years","85+","Medical Facility - Inpatient","1",183151,Not Applicable,Not Applicable
,"2023","2023","85+ years","85+","Medical Facility - Outpatient or ER","2",24510,Not Applicable,Not Applicable
,"2023","2023","85+ years","85+","Medical Facility - Dead on Arrival","3",819,Not Applicable,Not Applicable
,"2023","2023","85+ years","85+","Decedent's home","4",284751,Not Applicable,Not Applicable
,"2023","2023","85+ years","85+","Hospice facility","5",69084,Not Applicable,Not Applicable
,"2023","2023","85+ years","85+","Nursing home/long term care","6",266075,Not Applicable,Not Applicable
,"2023","2023","85+ years","85+","Other","7",56567,Not Applicable,Not Applicable
,"2023","2023","85+ years","85+","Place of death unknown","9",47,Not Applicable,Not Applicable
,"2023","2023","Not Stated","NS","Decedent's home","4",19,Not Applicable,Not Applicable
,"2023","2023","Not Stated","NS","Other","7",42,Not Applicable,Not Applicable
,"2024 (provisional)","2024","< 1 year","1","Medical Facility - Inpatient","1",15127,Not Applicable,Not Applicable
,"2024 (provisional)","2024","< 1 year","1","Medical Facility - Outpatient or ER","2",3003,Not Applicable,Not Applicable
,"2024 (provisional)","2024","< 1 year","1","Medical Facility - Dead on Arrival","3",104,Not Applicable,Not Applicable
,"2024 (provisional)","2024","< 1 year","1","Decedent's home","4",1409,Not Applicable,Not Applicable
,"2024 (provisional)","2024","< 1 year","1","Hospice facility","5",36,Not Applicable,Not Applicable
,"2024 (provisional)","2024","< 1 year","1","Other","7",363,Not Applicable,Not Applicable
,"2024 (provisional)","2024","1-4 years","1-4","Medical Facility - Inpatient","1",1488,Not Applicable,Not Applicable
,"2024 (provisional)","2024","1-4 years","1-4","Medical Facility - Outpatient or ER","2",1307,Not Applicable,Not Applicable
,"2024 (provisional)","2024","1-4 years","1-4","Medical Facility - Dead on Arrival","3",31,Not Applicable,Not Applicable
,"2024 (provisional)","2024","1-4 years","1-4","Decedent's home","4",692,Not Applicable,Not Applicable
,"2024 (provisional)","2024","1-4 years","1-4","Hospice facility","5",16,Not Applicable,Not Applicable
,"2024 (provisional)","2024","1-4 years","1-4","Other","7",301,Not Applicable,Not Applicable
,"2024 (provisional)","2024","5-14 years","5-14","Medical Facility - Inpatient","1",2186,Not Applicable,Not Applicable
,"2024 (provisional)","2024","5-14 years","5-14","Medical Facility - Outpatient or ER","2",1380,Not Applicable,Not Applicable
,"2024 (provisional)","2024","5-14 years","5-14","Medical Facility - Dead on Arrival","3",58,Not Applicable,Not Applicable
,"2024 (provisional)","2024","5-14 years","5-14","Decedent's home","4",1482,Not Applicable,Not Applicable
,"2024 (provisional)","2024","5-14 years","5-14","Hospice facility","5",54,Not Applicable,Not Applicable
,"2024 (provisional)","2024","5-14 years","5-14","Nursing home/long term care","6",19,Not Applicable,Not Applicable
,"2024 (provisional)","2024","5-14 years","5-14","Other","7",760,Not Applicable,Not Applicable
,"2024 (provisional)","2024","15-24 years","15-24","Medical Facility - Inpatient","1",6000,Not Applicable,Not Applicable
,"2024 (provisional)","2024","15-24 years","15-24","Medical Facility - Outpatient or ER","2",5403,Not Applicable,Not Applicable
,"2024 (provisional)","2024","15-24 years","15-24","Medical Facility - Dead on Arrival","3",248,Not Applicable,Not Applicable
,"2024 (provisional)","2024","15-24 years","15-24","Decedent's home","4",7184,Not Applicable,Not Applicable
,"2024 (provisional)","2024","15-24 years","15-24","Hospice facility","5",190,Not Applicable,Not Applicable
,"2024 (provisional)","2024","15-24 years","15-24","Nursing home/long term care","6",92,Not Applicable,Not Applicable
,"2024 (provisional)","2024","15-24 years","15-24","Other","7",10825,Not Applicable,Not Applicable
,"2024 (provisional)","2024","15-24 years","15-24","Place of death unknown","9",11,Not Applicable,Not Applicable
,"2024 (provisional)","2024","25-34 years","25-34","Medical Facility - Inpatient","1",13247,Not Applicable,Not Applicable
,"2024 (provisional)","2024","25-34 years","25-34","Medical Facility - Outpatient or ER","2",8380,Not Applicable,Not Applicable
,"2024 (provisional)","2024","25-34 years","25-34","Medical Facility - Dead on Arrival","3",350,Not Applicable,Not Applicable
,"2024 (provisional)","2024","25-34 years","25-34","Decedent's home","4",17625,Not Applicable,Not Applicable
,"2024 (provisional)","2024","25-34 years","25-34","Hospice facility","5",788,Not Applicable,Not Applicable
,"2024 (provisional)","2024","25-34 years","25-34","Nursing home/long term care","6",437,Not Applicable,Not Applicable
,"2024 (provisional)","2024","25-34 years","25-34","Other","7",16968,Not Applicable,Not Applicable
,"2024 (provisional)","2024","25-34 years","25-34","Place of death unknown","9",32,Not Applicable,Not Applicable
,"2024 (provisional)","2024","35-44 years","35-44","Medical Facility - Inpatient","1",27724,Not Applicable,Not Applicable
,"2024 (provisional)","2024","35-44 years","35-44","Medical Facility - Outpatient or ER","2",12344,Not Applicable,Not Applicable
,"2024 (provisional)","2024","35-44 years","35-44","Medical Facility - Dead on Arrival","3",550,Not Applicable,Not Applicable
,"2024 (provisional)","2024","35-44 years","35-44","Decedent's home","4",33208,Not Applicable,Not Applicable
,"2024 (provisional)","2024","35-44 years","35-44","Hospice facility","5",2689,Not Applicable,Not Applicable
,"2024 (provisional)","2024","35-44 years","35-44","Nursing home/long term care","6",1341,Not Applicable,Not Applicable
,"2024 (provisional)","2024","35-44 years","35-44","Other","7",19531,Not Applicable,Not Applicable
,"2024 (provisional)","2024","35-44 years","35-44","Place of death unknown","9",43,Not Applicable,Not Applicable
,"2024 (provisional)","2024","45-54 years","45-54","Medical Facility - Inpatient","1",53001,Not Applicable,Not Applicable
,"2024 (provisional)","2024","45-54 years","45-54","Medical Facility - Outpatient or ER","2",16814,Not Applicable,Not Applicable
,"2024 (provisional)","2024","45-54 years","45-54","Medical Facility - Dead on Arrival","3",656,Not Applicable,Not Applicable
,"2024 (provisional)","2024","45-54 years","45-54","Decedent's home","4",56463,Not Applicable,Not Applicable
,"2024 (provisional)","2024","45-54 years","45-54","Hospice facility","5",7079,Not Applicable,Not Applicable
,"2024 (provisional)","2024","45-54 years","45-54","Nursing home/long term care","6",4838,Not Applicable,Not Applicable
,"2024 (provisional)","2024","45-54 years","45-54","Other","7",18884,Not Applicable,Not Applicable
,"2024 (provisional)","2024","45-54 years","45-54","Place of death unknown","9",35,Not Applicable,Not Applicable
,"2024 (provisional)","2024","55-64 years","55-64","Medical Facility - Inpatient","1",124655,Not Applicable,Not Applicable
,"2024 (provisional)","2024","55-64 years","55-64","Medical Facility - Outpatient or ER","2",28980,Not Applicable,Not Applicable
,"2024 (provisional)","2024","55-64 years","55-64","Medical Facility - Dead on Arrival","3",1079,Not Applicable,Not Applicable
,"2024 (provisional)","2024","55-64 years","55-64","Decedent's home","4",134769,Not Applicable,Not Applicable
,"2024 (provisional)","2024","55-64 years","55-64","Hospice facility","5",21423,Not Applicable,Not Applicable
,"2024 (provisional)","2024","55-64 years","55-64","Nursing home/long term care","6",22524,Not Applicable,Not Applicable
,"2024 (provisional)","2024","55-64 years","55-64","Other","7",24699,Not Applicable,Not Applicable
,"2024 (provisional)","2024","55-64 years","55-64","Place of death unknown","9",67,Not Applicable,Not Applicable
,"2024 (provisional)","2024","65-74 years","65-74","Medical Facility - Inpatient","1",213764,Not Applicable,Not Applicable
,"2024 (provisional)","2024","65-74 years","65-74","Medical Facility - Outpatient or ER","2",38259,Not Applicable,Not Applicable
,"2024 (provisional)","2024","65-74 years","65-74","Medical Facility - Dead on Arrival","3",1416,Not Applicable,Not Applicable
,"2024 (provisional)","2024","65-74 years","65-74","Decedent's home","4",231765,Not Applicable,Not Applicable
,"2024 (provisional)","2024","65-74 years","65-74","Hospice facility","5",44800,Not Applicable,Not Applicable
,"2024 (provisional)","2024","65-74 years","65-74","Nursing home/long term care","6",70850,Not Applicable,Not Applicable
,"2024 (provisional)","2024","65-74 years","65-74","Other","7",27486,Not Applicable,Not Applicable
,"2024 (provisional)","2024","65-74 years","65-74","Place of death unknown","9",76,Not Applicable,Not Applicable
,"2024 (provisional)","2024","75-84 years","75-84","Medical Facility - Inpatient","1",245700,Not Applicable,Not Applicable
,"2024 (provisional)","2024","75-84 years","75-84","Medical Facility - Outpatient or ER","2",37042,Not Applicable,Not Applicable
,"2024 (provisional)","2024","75-84 years","75-84","Medical Facility - Dead on Arrival","3",1115,Not Applicable,Not Applicable
,"2024 (provisional)","2024","75-84 years","75-84","Decedent's home","4",281954,Not Applicable,Not Applicable
,"2024 (provisional)","2024","75-84 years","75-84","Hospice facility","5",65917,Not Applicable,Not Applicable
,"2024 (provisional)","2024","75-84 years","75-84","Nursing home/long term care","6",154842,Not Applicable,Not Applicable
,"2024 (provisional)","2024","75-84 years","75-84","Other","7",36282,Not Applicable,Not Applicable
,"2024 (provisional)","2024","75-84 years","75-84","Place of death unknown","9",92,Not Applicable,Not Applicable
,"2024 (provisional)","2024","85+ years","85+","Medical Facility - Inpatient","1",181564,Not Applicable,Not Applicable
,"2024 (provisional)","2024","85+ years","85+","Medical Facility - Outpatient or ER","2",24512,Not Applicable,Not Applicable
,"2024 (provisional)","2024","85+ years","85+","Medical Facility - Dead on Arrival","3",705,Not Applicable,Not Applicable
,"2024 (provisional)","2024","85+ years","85+","Decedent's home","4",287975,Not Applicable,Not Applicable
,"2024 (provisional)","2024","85+ years","85+","Hospice facility","5",70256,Not Applicable,Not Applicable
,"2024 (provisional)","2024","85+ years","85+","Nursing home/long term care","6",269391,Not Applicable,Not Applicable
,"2024 (provisional)","2024","85+ years","85+","Other","7",55737,Not Applicable,Not Applicable
,"2024 (provisional)","2024","85+ years","85+","Place of death unknown","9",100,Not Applicable,Not Applicable
,"2024 (provisional)","2024","Not Stated","NS","Medical Facility - Inpatient","1",10,Not Applicable,Not Applicable
,"2024 (provisional)","2024","Not Stated","NS","Decedent's home","4",19,Not Applicable,Not Applicable
,"2024 (provisional)","2024","Not Stated","NS","Other","7",17,Not Applicable,Not Applicable
,"2025 (provisional and partial)","2025","< 1 year","1","Medical Facility - Inpatient","1",9723,Not Applicable,Not Applicable
,"2025 (provisional and partial)","2025","< 1 year","1","Medical Facility - Outpatient or ER","2",1837,Not Applicable,Not Applicable
,"2025 (provisional and partial)","2025","< 1 year","1","Medical Facility - Dead on Arrival","3",70,Not Applicable,Not Applicable
,"2025 (provisional and partial)","2025","< 1 year","1","Decedent's home","4",924,Not Applicable,Not Applicable
,"2025 (provisional and partial)","2025","< 1 year","1","Hospice facility","5",29,Not Applicable,Not Applicable
,"2025 (provisional and partial)","2025","< 1 year","1","Other","7",203,Not Applicable,Not Applicable
,"2025 (provisional and partial)","2025","1-4 years","1-4","Medical Facility - Inpatient","1",1015,Not Applicable,Not Applicable
,"2025 (provisional and partial)","2025","1-4 years","1-4","Medical Facility - Outpatient or ER","2",814,Not Applicable,Not Applicable
,"2025 (provisional and partial)","2025","1-4 years","1-4","Medical Facility - Dead on Arrival","3",25,Not Applicable,Not Applicable
,"2025 (provisional and partial)","2025","1-4 years","1-4","Decedent's home","4",427,Not Applicable,Not Applicable
,"2025 (provisional and partial)","2025","1-4 years","1-4","Hospice facility","5",10,Not Applicable,Not Applicable
,"2025 (provisional and partial)","2025","1-4 years","1-4","Nursing home/long term care","6",10,Not Applicable,Not Applicable
,"2025 (provisional and partial)","2025","1-4 years","1-4","Other","7",192,Not Applicable,Not Applicable
,"2025 (provisional and partial)","2025","5-14 years","5-14","Medical Facility - Inpatient","1",1354,Not Applicable,Not Applicable
,"2025 (provisional and partial)","2025","5-14 years","5-14","Medical Facility - Outpatient or ER","2",941,Not Applicable,Not Applicable
,"2025 (provisional and partial)","2025","5-14 years","5-14","Medical Facility - Dead on Arrival","3",30,Not Applicable,Not Applicable
,"2025 (provisional and partial)","2025","5-14 years","5-14","Decedent's home","4",981,Not Applicable,Not Applicable
,"2025 (provisional and partial)","2025","5-14 years","5-14","Hospice facility","5",26,Not Applicable,Not Applicable
,"2025 (provisional and partial)","2025","5-14 years","5-14","Nursing home/long term care","6",14,Not Applicable,Not Applicable
,"2025 (provisional and partial)","2025","5-14 years","5-14","Other","7",552,Not Applicable,Not Applicable
,"2025 (provisional and partial)","2025","15-24 years","15-24","Medical Facility - Inpatient","1",3918,Not Applicable,Not Applicable
,"2025 (provisional and partial)","2025","15-24 years","15-24","Medical Facility - Outpatient or ER","2",3489,Not Applicable,Not Applicable
,"2025 (provisional and partial)","2025","15-24 years","15-24","Medical Facility - Dead on Arrival","3",150,Not Applicable,Not Applicable
,"2025 (provisional and partial)","2025","15-24 years","15-24","Decedent's home","4",4575,Not Applicable,Not Applicable
,"2025 (provisional and partial)","2025","15-24 years","15-24","Hospice facility","5",115,Not Applicable,Not Applicable
,"2025 (provisional and partial)","2025","15-24 years","15-24","Nursing home/long term care","6",54,Not Applicable,Not Applicable
,"2025 (provisional and partial)","2025","15-24 years","15-24","Other","7",6840,Not Applicable,Not Applicable
,"2025 (provisional and partial)","2025","15-24 years","15-24","Place of death unknown","9",11,Not Applicable,Not Applicable
,"2025 (provisional and partial)","2025","25-34 years","25-34","Medical Facility - Inpatient","1",8517,Not Applicable,Not Applicable
,"2025 (provisional and partial)","2025","25-34 years","25-34","Medical Facility - Outpatient or ER","2",5292,Not Applicable,Not Applicable
,"2025 (provisional and partial)","2025","25-34 years","25-34","Medical Facility - Dead on Arrival","3",248,Not Applicable,Not Applicable
,"2025 (provisional and partial)","2025","25-34 years","25-34","Decedent's home","4",11264,Not Applicable,Not Applicable
,"2025 (provisional and partial)","2025","25-34 years","25-34","Hospice facility","5",562,Not Applicable,Not Applicable
,"2025 (provisional and partial)","2025","25-34 years","25-34","Nursing home/long term care","6",230,Not Applicable,Not Applicable
,"2025 (provisional and partial)","2025","25-34 years","25-34","Other","7",9965,Not Applicable,Not Applicable
,"2025 (provisional and partial)","2025","25-34 years","25-34","Place of death unknown","9",21,Not Applicable,Not Applicable
,"2025 (provisional and partial)","2025","35-44 years","35-44","Medical Facility - Inpatient","1",19253,Not Applicable,Not Applicable
,"2025 (provisional and partial)","2025","35-44 years","35-44","Medical Facility - Outpatient or ER","2",7924,Not Applicable,Not Applicable
,"2025 (provisional and partial)","2025","35-44 years","35-44","Medical Facility - Dead on Arrival","3",353,Not Applicable,Not Applicable
,"2025 (provisional and partial)","2025","35-44 years","35-44","Decedent's home","4",21984,Not Applicable,Not Applicable
,"2025 (provisional and partial)","2025","35-44 years","35-44","Hospice facility","5",1872,Not Applicable,Not Applicable
,"2025 (provisional and partial)","2025","35-44 years","35-44","Nursing home/long term care","6",953,Not Applicable,Not Applicable
,"2025 (provisional and partial)","2025","35-44 years","35-44","Other","7",12262,Not Applicable,Not Applicable
,"2025 (provisional and partial)","2025","35-44 years","35-44","Place of death unknown","9",20,Not Applicable,Not Applicable
,"2025 (provisional and partial)","2025","45-54 years","45-54","Medical Facility - Inpatient","1",36688,Not Applicable,Not Applicable
,"2025 (provisional and partial)","2025","45-54 years","45-54","Medical Facility - Outpatient or ER","2",11161,Not Applicable,Not Applicable
,"2025 (provisional and partial)","2025","45-54 years","45-54","Medical Facility - Dead on Arrival","3",417,Not Applicable,Not Applicable
,"2025 (provisional and partial)","2025","45-54 years","45-54","Decedent's home","4",38486,Not Applicable,Not Applicable
,"2025 (provisional and partial)","2025","45-54 years","45-54","Hospice facility","5",4830,Not Applicable,Not Applicable
,"2025 (provisional and partial)","2025","45-54 years","45-54","Nursing home/long term care","6",3323,Not Applicable,Not Applicable
,"2025 (provisional and partial)","2025","45-54 years","45-54","Other","7",12121,Not Applicable,Not Applicable
,"2025 (provisional and partial)","2025","45-54 years","45-54","Place of death unknown","9",24,Not Applicable,Not Applicable
,"2025 (provisional and partial)","2025","55-64 years","55-64","Medical Facility - Inpatient","1",86173,Not Applicable,Not Applicable
,"2025 (provisional and partial)","2025","55-64 years","55-64","Medical Facility - Outpatient or ER","2",19570,Not Applicable,Not Applicable
,"2025 (provisional and partial)","2025","55-64 years","55-64","Medical Facility - Dead on Arrival","3",736,Not Applicable,Not Applicable
,"2025 (provisional and partial)","2025","55-64 years","55-64","Decedent's home","4",92849,Not Applicable,Not Applicable
,"2025 (provisional and partial)","2025","55-64 years","55-64","Hospice facility","5",14673,Not Applicable,Not Applicable
,"2025 (provisional and partial)","2025","55-64 years","55-64","Nursing home/long term care","6",15596,Not Applicable,Not Applicable
,"2025 (provisional and partial)","2025","55-64 years","55-64","Other","7",16182,Not Applicable,Not Applicable
,"2025 (provisional and partial)","2025","55-64 years","55-64","Place of death unknown","9",27,Not Applicable,Not Applicable
,"2025 (provisional and partial)","2025","65-74 years","65-74","Medical Facility - Inpatient","1",152691,Not Applicable,Not Applicable
,"2025 (provisional and partial)","2025","65-74 years","65-74","Medical Facility - Outpatient or ER","2",27233,Not Applicable,Not Applicable
,"2025 (provisional and partial)","2025","65-74 years","65-74","Medical Facility - Dead on Arrival","3",976,Not Applicable,Not Applicable
,"2025 (provisional and partial)","2025","65-74 years","65-74","Decedent's home","4",167359,Not Applicable,Not Applicable
,"2025 (provisional and partial)","2025","65-74 years","65-74","Hospice facility","5",32015,Not Applicable,Not Applicable
,"2025 (provisional and partial)","2025","65-74 years","65-74","Nursing home/long term care","6",51743,Not Applicable,Not Applicable
,"2025 (provisional and partial)","2025","65-74 years","65-74","Other","7",19414,Not Applicable,Not Applicable
,"2025 (provisional and partial)","2025","65-74 years","65-74","Place of death unknown","9",37,Not Applicable,Not Applicable
,"2025 (provisional and partial)","2025","75-84 years","75-84","Medical Facility - Inpatient","1",179007,Not Applicable,Not Applicable
,"2025 (provisional and partial)","2025","75-84 years","75-84","Medical Facility - Outpatient or ER","2",26524,Not Applicable,Not Applicable
,"2025 (provisional and partial)","2025","75-84 years","75-84","Medical Facility - Dead on Arrival","3",844,Not Applicable,Not Applicable
,"2025 (provisional and partial)","2025","75-84 years","75-84","Decedent's home","4",207531,Not Applicable,Not Applicable
,"2025 (provisional and partial)","2025","75-84 years","75-84","Hospice facility","5",48427,Not Applicable,Not Applicable
,"2025 (provisional and partial)","2025","75-84 years","75-84","Nursing home/long term care","6",115886,Not Applicable,Not Applicable
,"2025 (provisional and partial)","2025","75-84 years","75-84","Other","7",25324,Not Applicable,Not Applicable
,"2025 (provisional and partial)","2025","75-84 years","75-84","Place of death unknown","9",43,Not Applicable,Not Applicable
,"2025 (provisional and partial)","2025","85+ years","85+","Medical Facility - Inpatient","1",128643,Not Applicable,Not Applicable
,"2025 (provisional and partial)","2025","85+ years","85+","Medical Facility - Outpatient or ER","2",17158,Not Applicable,Not Applicable
,"2025 (provisional and partial)","2025","85+ years","85+","Medical Facility - Dead on Arrival","3",483,Not Applicable,Not Applicable
,"2025 (provisional and partial)","2025","85+ years","85+","Decedent's home","4",209827,Not Applicable,Not Applicable
,"2025 (provisional and partial)","2025","85+ years","85+","Hospice facility","5",49919,Not Applicable,Not Applicable
,"2025 (provisional and partial)","2025","85+ years","85+","Nursing home/long term care","6",196781,Not Applicable,Not Applicable
,"2025 (provisional and partial)","2025","85+ years","85+","Other","7",37030,Not Applicable,Not Applicable
,"2025 (provisional and partial)","2025","85+ years","85+","Place of death unknown","9",40,Not Applicable,Not Applicable
,"2025 (provisional and partial)","2025","Not Stated","NS","Decedent's home","4",11,Not Applicable,Not Applicable
"---"
"Dataset: Provisional Mortality Statistics, 2018 through Last Week"
"Query Parameters:"
"Group By: Year; Ten-Year Age Groups; Place of Death"
"Show Totals: Disabled"
"Show Zero Values: False"
"Show Suppressed: False"
"Calculate Rates Per: 100,000"
"Rate Options: Default intercensal populations for years 2001-2009 (except Infant Age Groups)"
"---"
"Help: See http://wonder.cdc.gov/wonder/help/mcd-provisional.html for more information."
"---"
"Query Date: Nov 21, 2025 3:43:28 PM"
"---"
"Suggested Citation: Centers for Disease Control and Prevention, National Center for Health Statistics. National Vital Statistics"
"System, Provisional Mortality on CDC WONDER Online Database. Data are from the final Multiple Cause of Death Files, 2018-2023,"
"and from provisional data for years 2024 and later, as compiled from data provided by the 57 vital statistics jurisdictions"
"through the Vital Statistics Cooperative Program. Accessed at http://wonder.cdc.gov/mcd-icd10-provisional.html on Nov 21, 2025"
"3:43:28 PM"
"---"
Messages:
"1. Totals are not available for these results due to suppression constraints. More Information:"
"http://wonder.cdc.gov/wonder/help/faq.html#Privacy."
"2. Rows with zero Deaths are hidden. Use Quick Options above to show zero rows."
"3. Rows with suppressed Deaths are hidden. Use Quick Options above to show suppressed rows."
"---"
Caveats:
"1. Population and rates are labeled 'Not Applicable' when location of Death's Occurrence, Autopsy, Place of Death, Weekday or"
"Month are grouped by or limited, due to lack of a valid population. More information:"
"http://wonder.cdc.gov/wonder/help/mcd-provisional.html#NotApplicableRates."
"2. Data are Suppressed when the data meet the criteria for confidentiality constraints. More information:"
"http://wonder.cdc.gov/wonder/help/mcd-provisional.html#Assurance of Confidentiality."
"3. Death rates are flagged as Unreliable when the rate is calculated with a numerator of 20 or less. More information:"
"http://wonder.cdc.gov/wonder/help/mcd-provisional.html#Unreliable."
"4. Deaths of persons with Age ""Not Stated"" are included in ""All"" counts and rates, but are not distributed among age groups,"
"so are not included in age-specific counts, age-specific rates or in any age-adjusted rates. More information:"
"http://wonder.cdc.gov/wonder/help/mcd-provisional.html#Not Stated."
"5. Connecticut population estimates for 2022 and later years are reported for 9 planning regions as county equivalent areas,"
"instead of the former 8 legacy counties in the Vintage 2022 postcensal series released by the Census Bureau on June 22, 2023,"
"and in the Vintage 2023 postcensal series released by the Census Bureau on June 27, 2024. Populations estimates for the former"
"counties are not available for 2022 and later years. More information:"
"http://wonder.cdc.gov/wonder/help/mcd-provisional.html#Connecticut-2022."
"6. After the creation of the final 2023 dataset, North Carolina updated the cause of death information for over 900 death"
"certificates to include a cause of death code indicating drug overdose (ICD-10 underlying cause-of-death codes: X40-X44,"
"X60-X64, X85, and Y10-Y14). Jurisdictions can continue to update death certificates after the closing of the mortality file. As"
"a result, users should consider that the actual death count for drug overdose deaths for North Carolina in 2023 is over 4,400"
"deaths, with a crude rate of approximately 41.0 per 100,000 population, and an age-adjusted rate of approximately 42.1 per"
"100,000 population. These deaths will not be updated on the final mortality datasets."
"7. Deaths occurring through September 20, 2025 as of September 28, 2025."